{"cameraMode":{"drawMode":0,"name":"Shaded","section":"Shading Mode"},"sceneLighting":true,"audioPlay":false,"sceneViewState":{"m_AlwaysRefresh":false,"showFog":true,"showSkybox":true,"showFlares":true,"showImageEffects":true,"showParticleSystems":true,"showVisualEffectGraphs":true,"m_FxEnabled":true},"in2DMode":false,"pivot":{"x":1.9498767852783204,"y":-2.057612419128418,"z":-0.062142133712768558},"rotation":{"x":0.17751166224479676,"y":0.7274548411369324,"z":-0.20485778152942658,"w":0.6303457021713257},"size":6.5740203857421879,"orthographic":false}